City,Lat,Lng,Max Temp,Humidity,Cloudiness,Wind Speed,Country,Date
Khromtau,50.2503,58.4347,79.86,30,100,4.16,KZ,1658642889
Kosmynino,57.5818,40.7643,74.68,55,0,6.46,RU,1658642889
Hobart,-42.8794,147.3294,59.25,79,75,4.61,AU,1658642709
Albany,42.6001,-73.9662,73.44,70,52,2.82,US,1658642748
Zhigansk,66.7697,123.3711,64.96,59,33,9.75,RU,1658642890
Byron Bay,-28.65,153.6167,62.94,69,48,12.3,AU,1658642876
Bambous Virieux,-20.3428,57.7575,73.65,64,40,11.5,MU,1658642890
Khovd,48.0056,91.6419,74.55,26,32,9.95,MN,1658642890
Atuona,-9.8,-139.0333,77.2,69,20,15.48,PF,1658642891
Valparaíso,-33.0393,-71.6273,52.48,95,100,2.3,CL,1658642781
Paita,-5.0892,-81.1144,62.65,89,16,10.27,PE,1658642891
Mataura,-46.1927,168.8643,45.48,97,6,1.07,NZ,1658642891
Hermanus,-34.4187,19.2345,46.8,72,90,8.77,ZA,1658642892
Kaitangata,-46.2817,169.8464,39.47,83,4,1.63,NZ,1658642892
Port Lincoln,-34.7333,135.8667,60.69,64,98,8.59,AU,1658642892
Santa Marta,11.2408,-74.199,77.2,84,14,13.24,CO,1658642718
Ushuaia,-54.8,-68.3,35.26,75,40,11.5,AR,1658642837
Pasni,25.2631,63.471,82.94,83,100,11.14,PK,1658642893
Paamiut,61.994,-49.6678,42.78,88,4,2.06,GL,1658642893
Clyde River,70.4692,-68.5914,39.45,88,94,1.79,CA,1658642893
Timmins,48.4669,-81.3331,61.21,77,100,4.68,CA,1658642894
Coffs Harbour,-30.3,153.1333,66.16,55,25,12.66,AU,1658642756
Hithadhoo,-0.6,73.0833,81.7,71,99,0.65,MV,1658642894
Padang,-0.9492,100.3543,83.97,78,73,5.21,ID,1658642894
Kimbe,-5.5502,150.1429,88.52,57,70,1.68,PG,1658642895
Hambantota,6.1241,81.1185,87.06,62,93,21.92,LK,1658642771
Udomlya,57.8794,34.9925,69.31,82,73,5.41,RU,1658642895
Poum,-20.2333,164.0167,74.48,71,69,9.57,NC,1658642896
Gobabis,-22.45,18.9667,55.67,44,88,8.63,NA,1658642896
Vaini,-21.2,-175.2,71.76,83,40,6.91,TO,1658642896
Bluff,-46.6,168.3333,45.81,82,13,4.21,NZ,1658642897
Provideniya,64.3833,-173.3,43.16,88,100,7.11,RU,1658642897
Saint Anthony,45.0205,-93.218,70.93,90,0,4.61,US,1658642897
Hyères,43.1167,6.1167,81.73,75,0,1.14,FR,1658642699
Simao,22.7886,100.9748,79.81,61,90,4.16,CN,1658642898
Hong Kong,22.2855,114.1577,89.06,67,1,11.23,HK,1658642835
George Town,5.4112,100.3354,87.73,70,20,5.75,MY,1658642617
Tuktoyaktuk,69.4541,-133.0374,39.65,95,100,10.27,CA,1658642898
Kamina,-8.7386,24.9906,69.4,36,98,5.55,CD,1658642899
Norman Wells,65.282,-126.8329,60.33,59,98,5.77,CA,1658642899
Kavieng,-2.5744,150.7967,85.26,69,47,11.56,PG,1658642899
Nouadhibou,20.931,-17.0347,69.57,96,99,6.89,MR,1658642900
Kapaa,22.0752,-159.319,80.58,77,0,16.11,US,1658642900
Port-Gentil,-0.7193,8.7815,73.36,83,75,3.44,GA,1658642900
Qaanaaq,77.484,-69.3632,38.1,95,100,1.14,GL,1658642901
Cidreira,-30.1811,-50.2056,61.36,98,100,6.33,BR,1658642901
Kjøllefjord,70.9457,27.3465,50.05,93,100,18.41,NO,1658642901
Camargo,27.6667,-105.1667,85.44,32,54,18.9,MX,1658642901
Punta Arenas,-53.15,-70.9167,32.11,86,0,8.05,CL,1658642902
Cape Town,-33.9258,18.4232,53.91,75,0,5.99,ZA,1658642716
Kuandian,40.7286,124.7847,77.9,74,64,3.96,CN,1658642902
Meulaboh,4.1363,96.1285,83.35,74,70,5.17,ID,1658642902
Huarmey,-10.0681,-78.1522,61.39,91,15,6.13,PE,1658642903
Beringovskiy,63.05,179.3167,46.11,73,100,9.62,RU,1658642903
Rikitea,-23.1203,-134.9692,73.45,65,5,6.71,PF,1658642903
Castro,-24.7911,-50.0119,55.29,78,74,3.36,BR,1658642904
Hilo,19.7297,-155.09,76.28,86,100,5.75,US,1658642904
Amapá,1.0,-52.0,70.29,98,77,1.72,BR,1658642904
Sitka,57.0531,-135.33,55.29,88,100,4.61,US,1658642905
Acaraú,-2.8856,-40.12,78.33,82,41,15.88,BR,1658642905
Jamestown,42.097,-79.2353,62.74,96,25,6.96,US,1658642906
Torbay,47.6666,-52.7314,66.58,86,5,5.99,CA,1658642906
Kenai,60.5544,-151.2583,57.25,71,100,0.0,US,1658642906
Vardø,70.3705,31.1107,51.78,82,100,16.11,NO,1658642907
East London,-33.0153,27.9116,56.97,63,62,21.12,ZA,1658642907
Kyren,51.6828,102.1408,68.54,57,100,1.03,RU,1658642907
Saint Andrews,34.0454,-81.1293,78.53,76,0,0.0,US,1658642908
Busselton,-33.65,115.3333,58.14,55,86,7.36,AU,1658642647
Sadská,50.136,14.9863,68.52,64,52,4.79,CZ,1658642908
Noumea,-22.2763,166.4572,75.18,87,100,10.13,NC,1658642908
Tasiilaq,65.6145,-37.6368,41.16,93,70,8.41,GL,1658642909
Narsaq,60.9167,-46.05,48.42,86,61,0.56,GL,1658642909
Katsuura,35.1333,140.3,81.5,75,98,15.23,JP,1658642909
Rostovka,55.3842,71.8891,66.2,44,22,11.95,RU,1658642910
Umeå,63.8284,20.2597,63.91,72,0,3.44,SE,1658642910
Port Blair,11.6667,92.75,85.06,70,62,3.98,IN,1658642910
Salé,34.0389,-6.8166,73.74,100,40,0.0,MA,1658642781
Port Elizabeth,-33.918,25.5701,53.31,91,65,5.99,ZA,1658642911
Ruska Poliana,49.417,31.9201,76.48,51,3,1.39,UA,1658642911
Hasaki,35.7333,140.8333,91.8,76,85,20.18,JP,1658642644
Mehamn,71.0357,27.8492,50.38,87,100,22.97,NO,1658642911
Lata,40.1629,-8.3327,58.35,77,0,1.52,PT,1658642912
Cabo San Lucas,22.8909,-109.9124,80.51,82,94,4.52,MX,1658642912
Mar del Plata,-38.0023,-57.5575,49.08,97,100,1.99,AR,1658642840
Souillac,-20.5167,57.5167,73.78,64,40,11.5,MU,1658642912
Boca do Acre,-8.7522,-67.3978,73.44,88,78,2.75,BR,1658642913
Ribeira Grande,38.5167,-28.7,73.56,86,14,7.63,PT,1658642913
San Quintín,30.4833,-115.95,65.98,85,5,5.23,MX,1658642913
Am Timan,11.0297,20.2827,75.61,88,89,7.85,TD,1658642914
Iqaluit,63.7506,-68.5145,45.7,93,95,1.99,CA,1658642914
Nome,64.5011,-165.4064,50.07,81,100,6.91,US,1658642914
Peniche,39.3558,-9.3811,66.29,89,6,11.65,PT,1658642915
Vila Franca do Campo,37.7167,-25.4333,74.19,92,83,4.41,PT,1658642915
Vao,-22.6667,167.4833,71.62,87,96,10.4,NC,1658642915
Verkhnevilyuysk,63.4453,120.3167,81.28,45,26,10.49,RU,1658642916
Portland,45.5234,-122.6762,68.47,75,0,1.01,US,1658642375
Bredasdorp,-34.5322,20.0403,50.23,72,64,2.26,ZA,1658642916
Ponnāni,10.767,75.9252,82.89,69,100,10.11,IN,1658642897
Hangzhou,30.2937,120.1614,94.91,63,29,4.52,CN,1658642917
Carnarvon,-24.8667,113.6333,67.46,40,10,15.61,AU,1658642917
Itarema,-2.9248,-39.9167,78.67,81,39,15.88,BR,1658642917
Aksarka,66.5606,67.7975,62.94,51,100,11.05,RU,1658642918
Tyubuk,56.0552,60.9405,75.92,46,10,5.99,RU,1658642918
Bose,45.4612,8.0137,77.76,67,11,1.54,IT,1658642918
Los Llanos de Aridane,28.6585,-17.9182,67.75,94,100,9.22,ES,1658642919
Deputatsky,69.3,139.9,65.44,45,21,12.75,RU,1658642919
Sept-Îles,50.2001,-66.3821,58.05,95,52,3.85,CA,1658642919
Cherskiy,68.75,161.3,60.24,44,69,11.52,RU,1658642920
New Norfolk,-42.7826,147.0587,56.19,84,61,0.6,AU,1658642920
Alihe,50.5667,123.7167,79.16,52,45,7.85,CN,1658642920
Malé,4.1748,73.5089,82.49,75,96,12.26,MV,1658642921
Dwārka,22.2394,68.9678,81.9,82,100,19.73,IN,1658642813
Antofagasta,-23.65,-70.4,58.28,86,9,1.97,CL,1658642921
Geraldton,-28.7667,114.6,64.81,55,40,9.22,AU,1658642921
Yar-Sale,66.8333,70.8333,49.42,85,100,20.13,RU,1658642922
Praia da Vitória,38.7333,-27.0667,71.76,97,16,3.85,PT,1658642922
Plettenberg Bay,-34.0527,23.3716,52.72,79,97,6.49,ZA,1658642922
Butaritari,3.0707,172.7902,82.38,75,25,18.59,KI,1658642923
Puerto Escondido,15.85,-97.0667,79.54,84,99,3.2,MX,1658642923
Chokurdakh,70.6333,147.9167,69.1,30,89,11.03,RU,1658642923
Manaure,11.7751,-72.4445,77.9,84,0,9.55,CO,1658642924
Chui,-33.6971,-53.4616,58.06,97,100,5.84,UY,1658642924
Hettstedt,51.65,11.5,67.87,58,9,4.07,DE,1658642925
Mahébourg,-20.4081,57.7,73.69,64,40,11.5,MU,1658642925
Pudozh,61.8099,36.5345,66.63,87,69,6.29,RU,1658642925
Strezhevoy,60.7333,77.5889,49.57,96,100,10.96,RU,1658642926
Tiksi,71.6872,128.8694,46.49,74,65,7.67,RU,1658642926
Saskylakh,71.9167,114.0833,70.63,50,27,3.94,RU,1658642926
Soskovo,52.7475,35.3828,72.01,67,0,5.35,RU,1658642927
Zheleznodorozhnyy,55.7503,38.0042,76.48,51,3,2.91,RU,1658642927
San Cristobal,7.7669,-72.225,64.6,86,6,1.43,VE,1658642927
Seymchan,62.8833,152.4333,75.51,35,3,14.32,RU,1658642928
Road Town,18.4167,-64.6167,75.29,74,2,21.5,VG,1658642673
Ust-Nera,64.5667,143.2,65.16,76,100,9.1,RU,1658642928
Mossamedes,-15.1961,12.1522,61.84,92,3,1.59,AO,1658642928
Gouré,13.9835,10.2704,78.03,60,34,8.75,NE,1658642929
Saint-Joseph,-21.3667,55.6167,74.21,77,58,10.47,RE,1658642929
Lompoc,34.6391,-120.4579,57.52,88,100,15.01,US,1658642929
Airai,-8.9266,125.4092,69.33,50,29,3.53,TL,1658642930
Pisco,-13.7,-76.2167,60.85,82,100,5.75,PE,1658642930
Kousséri,12.0769,15.0306,78.31,71,93,11.5,CM,1658642930
Esperance,-33.8667,121.9,56.77,56,82,21.12,AU,1658642931
Asău,46.4333,26.4,82.96,59,27,2.17,RO,1658642931
La Solana,38.9442,-3.2381,62.8,17,0,5.28,ES,1658642931
Aklavik,68.2191,-135.0107,43.32,87,99,10.76,CA,1658642932
Waingapu,-9.6567,120.2641,83.07,47,22,16.69,ID,1658642932
Port Alfred,-33.5906,26.891,57.96,69,79,19.51,ZA,1658642932
Karratha,-20.7377,116.8463,77.94,25,0,4.99,AU,1658642933
Morón,-34.6534,-58.6198,57.13,99,47,5.23,AR,1658642933
Alofi,-19.0595,-169.9187,73.8,60,94,20.2,NU,1658642933
Arlit,18.7369,7.3853,90.09,32,37,1.81,NE,1658642934
Puerto Ayora,-0.7393,-90.3518,69.55,92,58,5.01,EC,1658642867
Kiama,-34.6833,150.8667,60.6,78,13,5.14,AU,1658642904
Bengkulu,-3.8004,102.2655,83.01,71,100,4.38,ID,1658642934
Alice Springs,-23.7,133.8833,81.95,12,0,12.66,AU,1658642718
Nhulunbuy,-12.2333,136.7667,83.01,61,92,11.5,AU,1658642935
Anchorage,61.2181,-149.9003,59.68,64,0,13.0,US,1658642860
Iralaya,15.0,-83.2333,78.76,85,89,6.98,HN,1658642935
Kodinsk,58.6881,99.1844,71.76,42,96,4.7,RU,1658642935
Klaksvík,62.2266,-6.589,52.72,91,99,25.21,FO,1658642936
Belmonte,-15.8631,-38.8828,70.5,80,88,7.16,BR,1658642936
Cody,44.5263,-109.0565,66.65,52,0,3.44,US,1658642701
Westport,41.1415,-73.3579,79.18,87,0,4.61,US,1658642838
Khatanga,71.9667,102.5,80.87,38,29,11.41,RU,1658642936
Ponta Delgada,37.7333,-25.6667,74.5,88,75,2.3,PT,1658642937
Saint George,37.1041,-113.5841,89.64,33,0,12.66,US,1658642937
Daru,-9.0763,143.2092,77.74,87,94,15.57,PG,1658642937
Arraial do Cabo,-22.9661,-42.0278,70.54,86,10,22.68,BR,1658642938
Yerbogachën,61.2767,108.0108,78.33,52,73,8.99,RU,1658642938
La Palma,33.8464,-118.0467,72.41,85,75,4.61,US,1658642938
Port Hardy,50.6996,-127.4199,55.36,89,40,10.78,CA,1658642939
Dikson,73.5069,80.5464,49.5,71,100,15.7,RU,1658642939
El Campo,29.1966,-96.2697,82.78,94,0,0.0,US,1658642939
Wawa,9.9022,4.4192,71.15,95,100,4.92,NG,1658642940
Avarua,-21.2078,-159.775,69.85,60,40,4.61,CK,1658642940
Caravelas,-17.7125,-39.2481,68.59,78,21,3.67,BR,1658642940
Isla Mujeres,21.2311,-86.731,81.75,84,98,10.71,MX,1658642941
Stephenville,32.2207,-98.2023,86.81,47,40,6.91,US,1658642941
Daugavpils,55.8833,26.5333,59.88,98,100,2.15,LV,1658642941
Peace River,56.2501,-117.286,62.49,67,100,3.33,CA,1658642941
Thompson,55.7435,-97.8558,53.15,68,100,5.68,CA,1658642942
Sunrise Manor,36.2111,-115.0731,92.3,27,70,5.75,US,1658642942
Corrente,-3.7367,-43.3394,75.72,78,98,2.66,BR,1658642942
Nuuk,64.1835,-51.7216,45.21,93,100,11.5,GL,1658642943
Wagga Wagga,-35.1167,147.3667,63.84,65,84,0.67,AU,1658642943
Konče,41.4958,22.385,80.91,24,1,4.68,MK,1658642943
Upata,8.0086,-62.3989,74.19,98,54,3.85,VE,1658642944
Jimaní,18.4917,-71.8502,78.69,81,81,0.92,DO,1658642944
Lebyazh'ye,55.2689,66.4947,70.81,51,62,8.48,RU,1658642944
Olafsvik,64.8945,-23.7142,51.93,79,74,5.55,IS,1658642945
Mtwara,-10.2667,40.1833,74.37,70,42,7.43,TZ,1658642945
Santa Maria,-29.6842,-53.8069,66.0,90,100,4.41,BR,1658642913
Faanui,-16.4833,-151.75,79.27,74,9,12.77,PF,1658642945
Kitimat,54.0524,-128.6534,63.91,51,100,4.14,CA,1658642946
Mutum,-19.8,-41.4383,60.76,95,4,1.88,BR,1658642946
Srednekolymsk,67.45,153.6833,74.1,24,6,11.65,RU,1658642947
Yangshe,31.8899,120.6052,91.99,57,6,5.06,CN,1658642947
Dali,25.7,100.1833,73.89,70,85,2.33,CN,1658642947
Merritt,50.1123,-120.7942,63.81,60,14,1.28,CA,1658642948
Yudong,29.385,106.5194,91.35,59,92,0.89,CN,1658642948
Doka,13.5167,35.7667,71.28,90,100,11.83,SD,1658642948
Buta,2.7858,24.73,70.61,96,94,0.83,CD,1658642949
Necochea,-38.5473,-58.7368,50.05,92,99,7.4,AR,1658642949
Nanortalik,60.1432,-45.2371,43.95,90,100,7.45,GL,1658642949
Severo-Kuril'sk,50.6789,156.125,56.12,91,99,4.65,RU,1658642950
Talnakh,69.4865,88.3972,72.86,51,100,3.15,RU,1658642950
Duvan,55.695,57.9024,75.02,56,31,2.46,RU,1658642950
Kamiiso,41.8167,140.65,75.13,70,98,7.49,JP,1658642951
Yining,29.0361,114.5636,93.74,57,92,3.96,CN,1658642951
Greenfield,42.9614,-88.0126,70.11,92,100,14.97,US,1658642951
San Antonio,29.4241,-98.4936,83.25,72,0,17.27,US,1658642840
Bathsheba,13.2167,-59.5167,81.21,87,20,17.27,BB,1658642952
Avera,33.194,-82.5271,77.05,75,2,5.17,US,1658642952
Saint Paul Harbor,57.79,-152.4072,51.31,100,100,20.71,US,1658642952
Port Hedland,-20.3167,118.5667,80.65,24,0,9.22,AU,1658642953
Nakhon Sawan,15.7,100.0833,88.92,62,99,4.34,TH,1658642953
Kugul'ta,45.3636,42.3889,66.78,55,23,15.77,RU,1658642953
Ilulissat,69.2167,-51.1,38.79,98,100,2.48,GL,1658642954
Nantucket,41.2835,-70.0995,77.05,77,100,4.61,US,1658642686
Ketchikan,55.3422,-131.6461,57.67,88,100,9.22,US,1658642954
Camaná,-16.6228,-72.7111,58.95,88,64,6.69,PE,1658642954
Micheweni,-4.9667,39.8333,77.43,69,40,14.14,TZ,1658642955
Longyearbyen,78.2186,15.6401,46.24,93,75,8.05,SJ,1658642955
Yashkino,55.8736,85.4265,59.61,85,100,7.58,RU,1658642955
Hope,33.6671,-93.5916,84.25,65,9,6.06,US,1658642956
Ust-Maya,60.4167,134.5333,82.4,35,5,7.07,RU,1658642956
Serebryansk,49.6925,83.2892,74.17,44,87,1.63,KZ,1658642956
Masuguru,-11.3667,38.4167,73.42,65,15,4.99,TZ,1658642957
Turukhansk,65.8167,87.9833,59.07,97,100,10.96,RU,1658642957
El Alto,-4.2714,-81.2147,63.81,79,32,14.56,PE,1658642957
Kulhudhuffushi,6.6221,73.07,81.59,75,41,12.77,MV,1658642958
Juneau,58.3019,-134.4197,55.22,98,100,11.5,US,1658642830
Palauig,15.435,119.9045,86.23,74,95,4.88,PH,1658642958
Bonavista,48.6499,-53.1147,62.19,92,3,10.33,CA,1658642958
Flinders,-34.5833,150.8552,66.18,70,13,3.0,AU,1658642959
Sterling,39.0062,-77.4286,75.78,89,100,4.61,US,1658642831
Ternate,0.8,127.4,84.04,73,27,10.11,ID,1658642936
Yeppoon,-23.1333,150.7333,73.18,75,0,7.61,AU,1658642959
Marfino,55.7028,37.3822,77.34,52,0,4.47,RU,1658642960
Hobyo,5.3505,48.5268,80.58,65,69,24.7,SO,1658642960
Saldanha,-33.0117,17.9442,47.52,73,0,9.66,ZA,1658642960
São João da Barra,-21.6403,-41.0511,70.59,85,2,12.97,BR,1658642961
Saint-Pierre,-21.3393,55.4781,71.51,71,64,7.94,RE,1658642961
Neuquén,-38.9516,-68.0591,51.91,60,100,5.01,AR,1658642908
Biltine,14.5333,20.9167,82.2,62,13,7.02,TD,1658642961
Larap,14.299,122.6504,87.58,67,100,6.87,PH,1658642962
Vestmanna,62.1564,-7.1664,50.92,71,75,2.3,FO,1658642962
Muros,42.7762,-9.0603,59.09,89,4,4.23,ES,1658642962
Sørland,67.667,12.6934,53.46,74,89,9.1,NO,1658642963
Mount Isa,-20.7333,139.5,80.4,25,0,7.94,AU,1658642963
Saint-Orens-de-Gameville,43.554,1.5341,71.24,88,0,3.44,FR,1658642963
Masindi,1.6744,31.715,69.37,72,87,1.92,UG,1658642964
Cockburn Town,21.4612,-71.1419,81.21,77,32,20.83,TC,1658642964
Husavik,66.0449,-17.3389,46.29,92,100,1.61,IS,1658642964
San Patricio,28.017,-97.5169,84.83,80,23,14.29,US,1658642965
Townsville,-19.25,146.8,72.48,64,44,12.66,AU,1658642965
Conceição do Araguaia,-8.2578,-49.2647,70.88,51,18,2.77,BR,1658642965
Isangel,-19.55,169.2667,78.37,84,3,7.38,VU,1658642966
Riyadh,24.6877,46.7219,104.14,14,88,10.49,SA,1658642928
Porbandar,21.6422,69.6093,82.0,80,100,19.51,IN,1658642966
Chara,56.9064,118.2631,82.11,40,41,10.16,RU,1658642966
Svobodnyy,51.4,128.1333,82.54,45,36,3.42,RU,1658642967
Kruisfontein,-34.0033,24.7314,48.88,86,83,9.98,ZA,1658642967
Ladário,-19.0047,-57.6017,70.88,49,84,1.57,BR,1658642967
Codrington,-38.2667,141.9667,61.74,72,41,9.42,AU,1658642968
Umluj,25.0213,37.2685,88.29,57,74,11.88,SA,1658642968
Longyan,25.1072,117.0225,99.36,31,0,5.01,CN,1658642968
Nevel',56.0209,29.9284,68.0,78,65,4.85,RU,1658642969
Garoowe,8.4054,48.4845,81.18,48,71,31.41,SO,1658642969
Corner Brook,48.9667,-57.9484,60.64,91,0,4.32,CA,1658642751
Ahipara,-35.1667,173.1667,57.22,92,100,21.83,NZ,1658642969
Saint-Philippe,-21.3585,55.7679,75.22,80,69,10.94,RE,1658642970
Velikodvorskiy,55.25,40.6678,76.37,57,20,4.14,RU,1658642970
Brae,60.3964,-1.353,54.36,96,100,23.69,GB,1658642970
Sinnamary,5.3833,-52.95,77.11,87,96,7.45,GF,1658642971
Tartous,34.889,35.8866,84.42,54,0,6.13,SY,1658642971
Uruaçu,-14.5247,-49.1408,67.03,50,6,4.27,BR,1658642971
Kanlagay,5.8757,121.2915,83.05,76,41,6.46,PH,1658642972
Aras,42.5617,-2.356,59.41,82,0,0.0,ES,1658642972
Malakal,9.5334,31.6605,71.8,93,100,3.91,SS,1658642972
Vila Velha,-20.3297,-40.2925,67.95,91,0,0.0,BR,1658642973
Zhezkazgan,47.8043,67.7144,85.98,20,0,11.18,KZ,1658642973
Okato,-39.2,173.8833,49.68,73,100,8.9,NZ,1658642973
Il’inskiy,55.619,38.1182,77.38,62,0,4.0,RU,1658642974
Yulara,-25.2406,130.9889,82.24,18,0,21.85,AU,1658642974
Bedelē,8.456,36.353,58.5,94,100,2.53,ET,1658642974
Livramento,-3.0254,-60.1803,79.47,94,0,2.3,BR,1658642975
Jacareacanga,-6.2222,-57.7528,68.2,61,7,0.98,BR,1658642975
Ambilobe,-13.2,49.05,78.67,46,9,6.06,MG,1658642975
Tuatapere,-46.1333,167.6833,43.21,92,26,2.33,NZ,1658642976
Olivenza,38.6832,-7.103,66.31,33,9,0.49,ES,1658642976
Øksfjord,70.2396,22.3479,52.0,84,100,7.45,NO,1658642976
Yellowknife,62.456,-114.3525,62.56,72,51,8.01,CA,1658642714
Shimoda,34.6667,138.95,90.1,70,93,10.54,JP,1658642977
Ostrovnoy,68.0531,39.5131,51.53,90,100,9.93,RU,1658642977
Borogontsy,62.6683,131.1683,83.25,37,2,4.74,RU,1658642977
Yakovlevskoye,55.4419,37.9506,77.7,59,0,7.0,RU,1658642978
Upernavik,72.7868,-56.1549,41.99,96,100,2.37,GL,1658642978
Blackfoot,43.1905,-112.345,72.77,15,1,2.1,US,1658642978
Touros,-5.1989,-35.4608,73.29,91,78,13.8,BR,1658642979
Padre Paraíso,-17.0742,-41.4844,55.02,99,17,2.53,BR,1658642979
Barrow,71.2906,-156.7887,37.42,87,100,9.22,US,1658642979
Santa Fe,-31.6333,-60.7,66.99,92,1,3.0,AR,1658642768
Algiers,36.7525,3.042,71.42,88,20,2.3,DZ,1658642980
Ixtapa,20.7,-105.2,80.22,94,40,4.61,MX,1658642980
Ballina,-28.8667,153.5667,63.01,82,33,12.03,AU,1658642980
Santa Vitória,-18.8386,-50.1214,67.01,46,79,4.29,BR,1658642980
Japura,-0.3167,102.35,87.62,66,95,1.19,ID,1658642981
Ponta do Sol,32.6667,-17.1,72.23,66,5,3.04,PT,1658642981
Gediz,39.0417,29.41,72.28,25,0,7.56,TR,1658642981
Constitución,-35.3333,-72.4167,53.19,90,100,4.38,CL,1658642982
Vanavara,60.34,102.2797,73.96,47,66,8.43,RU,1658642982
Visnes,59.3556,5.2242,56.82,76,75,16.11,NO,1658642982
São Filipe,14.8961,-24.4956,76.98,86,100,2.01,CV,1658642983
Channagiri,14.0333,75.9333,77.56,68,89,16.4,IN,1658642983
Darnah,32.767,22.6367,80.06,70,0,19.24,LY,1658642983
Creel,27.75,-107.6333,56.97,90,99,3.76,MX,1658642984
Belyy Yar,53.6039,91.3903,75.85,53,0,6.71,RU,1658642984
Nador,35.174,-2.9287,75.45,83,75,0.0,MA,1658642984
Nikki,9.9401,3.2108,69.31,98,100,3.51,BJ,1658642985
Atherton,53.5237,-2.4935,66.42,86,98,8.72,GB,1658642985
San Jose,37.3394,-121.895,63.91,79,20,3.0,US,1658642822
Wucheng,29.6008,118.175,94.55,51,19,8.05,CN,1658642985
Zaysan,47.4667,84.8667,84.9,19,13,10.56,KZ,1658642986
Zliten,32.4674,14.5687,81.63,59,0,3.71,LY,1658642986
Moerai,-22.4333,-151.3333,70.7,82,88,16.98,PF,1658642986
Verkhoyansk,67.5447,133.385,65.03,76,100,4.09,RU,1658642986
Muli,2.9167,73.5667,82.69,72,94,11.23,MV,1658642987
Haines Junction,60.7522,-137.5108,47.14,74,70,5.01,CA,1658642987
Avilés,43.5547,-5.9248,66.38,91,0,3.44,ES,1658642987
Pemangkat,1.1667,108.9667,83.16,75,84,6.38,ID,1658642988
Igarka,67.4667,86.5833,60.15,94,100,14.45,RU,1658642988
San Luis,-33.295,-66.3356,56.8,73,10,4.92,AR,1658642988
Sand Springs,36.1398,-96.1089,88.38,51,0,10.36,US,1658642989
Kapit,2.0167,112.9333,85.26,80,98,2.04,MY,1658642989
Umm Kaddadah,13.6017,26.6876,83.35,58,93,13.89,SD,1658642989
Harper,4.375,-7.7169,74.77,76,97,5.86,LR,1658642990
Al Bardīyah,31.7561,25.0865,79.97,61,0,14.07,LY,1658642990
El Bagre,7.5927,-74.8086,71.58,99,57,1.19,CO,1658642990
Nemuro,43.3236,145.575,63.23,90,82,3.96,JP,1658642991
Tarko-Sale,64.9225,77.785,60.98,75,100,4.36,RU,1658642991
Hamilton,39.1834,-84.5333,79.99,83,0,11.5,US,1658642991
Salalah,17.0151,54.0924,77.7,85,94,11.54,OM,1658642697
Jadu,31.953,12.0261,71.92,42,0,9.06,LY,1658642992
Tacna,-18.0056,-70.2483,54.5,85,33,1.03,PE,1658642992
Wahpeton,46.2652,-96.6059,60.57,90,16,6.55,US,1658642992
Dunedin,-45.8742,170.5036,44.8,78,1,1.99,NZ,1658642993
Bethel,41.3712,-73.414,76.62,83,0,0.0,US,1658642993
Ucluelet,48.9329,-125.5528,57.09,89,21,2.91,CA,1658642993
Guerrero Negro,27.9769,-114.0611,67.41,80,92,13.8,MX,1658642855
Hermiston,45.8404,-119.2895,72.63,34,0,5.19,US,1658642913
Tabou,4.423,-7.3528,74.71,78,99,5.77,CI,1658642994
Ranong,9.9658,98.6348,84.25,74,82,4.18,TH,1658642994
Tahoua,14.8888,5.2692,80.55,69,97,9.62,NE,1658642995
Pudem,58.3044,52.1675,77.02,60,20,4.29,RU,1658642995
Santa Cruz de la Sierra,-17.8,-63.1667,71.06,88,75,6.91,BO,1658642995
Olean,42.0776,-78.4297,61.14,97,38,4.59,US,1658642710
Kangaatsiaq,68.3065,-53.4641,40.55,95,100,0.6,GL,1658642996
Grand-Lahou,5.1367,-5.0242,74.93,80,91,6.93,CI,1658642996
Imbituba,-28.24,-48.6703,63.64,94,100,9.51,BR,1658642883
Menongue,-14.6585,17.691,53.92,51,0,4.34,AO,1658642997
Pevek,69.7008,170.3133,38.3,80,93,8.9,RU,1658642997
Mweka,-4.85,21.5667,72.25,70,65,0.94,CD,1658642997
Nalvo,16.8096,120.5108,85.69,72,66,5.79,PH,1658642998
Nizhniy Kuranakh,58.8353,125.4869,90.01,37,36,1.92,RU,1658642998
Tezu,27.9167,96.1667,86.63,73,95,4.52,IN,1658642814
Quryq,43.2,51.65,75.67,59,98,12.75,KZ,1658642998
Eyl,7.9803,49.8164,83.86,52,28,30.33,SO,1658642999
Solnechnyy,50.7214,136.6319,77.54,54,91,3.71,RU,1658642999
Marsh Harbour,26.5412,-77.0636,81.66,74,45,10.8,BS,1658642728
Sfântu Gheorghe,45.8667,25.7833,78.4,37,21,1.68,RO,1658642999
Kahului,20.8947,-156.47,78.82,70,40,16.11,US,1658643000
Valverde del Camino,37.5751,-6.7543,71.02,20,8,3.69,ES,1658643000
Carluke,55.736,-3.8302,60.71,92,98,1.01,GB,1658643000
Bar Harbor,44.3876,-68.2039,69.91,79,0,0.0,US,1658642821
Raudeberg,61.9875,5.1352,56.07,83,100,1.3,NO,1658643001
Esim,4.8699,-2.2405,73.76,84,49,5.19,GH,1658643001
Nikolskoye,59.7035,30.7861,69.87,86,98,5.32,RU,1658643003
Hrubieszów,50.805,23.8925,68.0,79,93,11.07,PL,1658643003
Bambanglipuro,-7.95,110.2833,79.7,67,83,15.59,ID,1658643003
Dawlatabad,36.4141,64.9053,101.19,16,0,6.64,AF,1658643004
Zion,42.4461,-87.8328,77.99,92,0,11.5,US,1658643004
Meadow Lake,34.8014,-106.5436,81.84,38,61,4.68,US,1658643005
Ust'-Karsk,52.7011,118.8077,81.23,43,95,5.5,RU,1658643005
Hammerfest,70.6634,23.6821,48.65,81,75,12.66,NO,1658643005
Kloulklubed,7.0419,134.2556,75.7,75,100,8.75,PW,1658643006
São Raimundo Nonato,-9.0153,-42.6994,72.43,67,28,8.12,BR,1658643006
Launceston,-41.45,147.1667,57.2,79,55,0.51,AU,1658643006
Mayo,38.8876,-76.5119,77.52,76,12,7.16,US,1658643007
Tauberbischofsheim,49.6247,9.6628,68.88,59,46,2.35,DE,1658643007
Porto Santo,33.072,-16.3415,70.18,88,20,6.91,PT,1658643007
Nabire,-3.3667,135.4833,84.2,73,63,2.71,ID,1658643008
‘Āhuimanu,21.4447,-157.8378,76.48,77,10,14.88,US,1658643008
Tadine,-21.55,167.8833,75.81,86,15,9.33,NC,1658643008
Santa María del Oro,25.9333,-105.3667,74.97,41,62,5.75,MX,1658643009
Sur,22.5667,59.5289,92.59,57,74,7.9,OM,1658643009
Kasakh,40.537,44.4105,60.06,60,8,5.12,AM,1658643010
Vanimo,-2.6741,141.3028,84.25,72,81,8.21,PG,1658643010
Lagoa,39.05,-27.9833,72.21,90,1,11.16,PT,1658643010
Boyolangu,-8.1181,111.8935,79.43,66,85,13.15,ID,1658643011
Grieskirchen,48.2333,13.8333,67.64,85,60,0.29,AT,1658643011
San Ramon,37.7799,-121.978,55.33,79,0,4.81,US,1658643011
Marsá Maţrūḩ,31.3525,27.2453,80.76,58,0,10.74,EG,1658643012
Pacific Grove,36.6177,-121.9166,55.51,92,100,4.61,US,1658642820
Jaltenango,15.8719,-92.7247,68.92,96,95,1.97,MX,1658643012
Bonthe,7.5264,-12.505,74.91,88,100,6.55,SL,1658643012
Pizarro,4.9533,-77.366,75.15,91,100,4.27,CO,1658643013
Missoula,47.0166,-113.8009,63.0,48,3,3.8,US,1658643013
Najrān,17.4924,44.1277,82.17,49,68,4.72,SA,1658642968
Malindi,-3.2175,40.1191,76.24,72,50,16.33,KE,1658643013
Hashtrūd,37.4779,47.0508,70.34,48,0,8.84,IR,1658643014
Victor Harbor,-35.5667,138.6167,63.68,78,89,9.46,AU,1658643014
Staryy Nadym,65.6118,72.6842,48.76,91,100,19.57,RU,1658643014
Khani,41.9563,42.9566,60.37,63,31,4.27,GE,1658643015
Gogrial,8.5332,28.1004,72.95,90,100,1.81,SS,1658643015
San Vicente de Cañete,-13.0751,-76.3835,60.87,84,86,2.71,PE,1658643016
City of San Pedro,14.35,121.0167,94.32,62,40,6.91,PH,1658643016
Sheltozero,61.3667,35.3667,67.57,80,28,6.29,RU,1658643016
Petropavlovsk-Kamchatskiy,53.0452,158.6483,66.79,68,20,13.42,RU,1658643017
Coquimbo,-29.9533,-71.3436,54.25,93,36,1.95,CL,1658643017
Kurtalan,37.9272,41.7028,86.76,20,0,4.61,TR,1658643017
Yelovo,57.0538,54.9207,76.55,59,42,4.56,RU,1658643018
Yaan,7.3833,8.5667,70.32,97,98,2.89,NG,1658643018
Kieta,-6.2167,155.6333,84.13,73,19,7.43,PG,1658643019
Honningsvåg,70.9821,25.9704,49.75,76,100,25.32,NO,1658643019
Bonnyville,54.2668,-110.735,53.58,84,31,6.15,CA,1658642793
Otradnoye,59.7775,30.8181,70.03,86,100,5.93,RU,1658643019
Kadoshkino,54.0257,44.4191,72.16,69,9,3.65,RU,1658643020
Alibag,18.6411,72.8792,84.27,84,100,8.9,IN,1658642898
Beyneu,45.3167,55.2,84.45,36,48,4.88,KZ,1658643020
Waddān,29.1614,16.139,77.0,52,0,5.75,LY,1658643020
Foieni,47.7,22.3833,73.35,53,77,13.89,RO,1658643021
Diamantino,-14.4086,-56.4461,70.34,48,12,5.46,BR,1658643021
Banyo,6.75,11.8167,64.49,96,96,2.21,CM,1658643021
College,64.8569,-147.8028,64.38,48,40,3.44,US,1658642987
Tocache,-8.1842,-76.5125,69.66,98,77,0.87,PE,1658643022
Totness,5.8833,-56.3167,76.62,90,100,8.95,SR,1658643022
Yangi Marg`ilon,40.4272,71.7189,101.12,13,11,11.5,UZ,1658643022
Rio Grande,-32.035,-52.0986,55.94,98,73,7.29,BR,1658643023
Lamu,-2.2717,40.902,77.22,71,49,17.25,KE,1658643023
Kirkwall,58.9848,-2.9587,55.67,99,100,11.99,GB,1658643023
Semīrom,31.4167,51.5667,82.02,16,1,4.34,IR,1658643024
Saiha,22.4833,92.9667,77.52,91,100,1.97,IN,1658643024
Bocas del Toro,9.3333,-82.25,78.4,84,100,5.57,PA,1658643024
Raton,36.9034,-104.4391,63.34,72,100,3.67,US,1658642893
Faya,18.3851,42.4509,66.72,54,100,2.55,SA,1658643025
Ola,59.5833,151.2833,53.15,92,100,10.29,RU,1658643025
Oodweyne,9.4092,45.064,74.68,49,61,26.73,SO,1658643025
Bilma,18.6853,12.9164,88.54,21,18,3.71,NE,1658643026
Florianópolis,-27.6146,-48.5012,67.41,94,100,11.5,BR,1658643026
Nara,34.6851,135.8049,90.75,45,84,7.74,JP,1658643007
Inhambane,-23.865,35.3833,67.98,88,20,10.36,MZ,1658643026
Esqueda,30.7167,-109.5833,68.97,79,100,6.38,MX,1658643027
Murchison,-41.8,172.3333,41.07,90,99,2.01,NZ,1658643027
Taoudenni,22.6783,-3.9836,93.54,9,1,15.52,ML,1658643027
Córdoba,-31.4135,-64.1811,63.75,83,75,1.14,AR,1658643028
Awjilah,29.1081,21.2869,80.26,39,0,12.06,LY,1658643028
Tura,25.5198,90.2201,78.15,89,100,1.05,IN,1658643028
Palizada,18.25,-92.0833,73.09,98,100,3.44,MX,1658643029
Lebu,-37.6167,-73.65,51.12,93,100,6.64,CL,1658643029
Kabinda,-6.1333,24.4833,73.87,40,67,5.32,CD,1658643029
Sayyan,15.1718,44.3244,65.8,54,95,1.92,YE,1658643029
Dubăsari,47.2631,29.1608,82.29,32,9,9.31,MD,1658643030
Ryōtsu-minato,38.0833,138.4333,77.23,76,62,6.13,JP,1658643030
Kemijärvi,66.7131,27.4306,58.68,58,8,7.45,FI,1658643030
Whitehorse,60.7161,-135.0538,55.02,65,92,7.65,CA,1658643031
Hīt,33.6416,42.8251,96.76,13,0,18.66,IQ,1658643031
Klyuchi,52.2667,79.1667,61.16,66,95,10.69,RU,1658643031
Yamada,39.4667,141.95,77.13,78,100,4.16,JP,1658643032
Turan,16.0678,108.2208,93.18,55,20,8.05,VN,1658642754
Champerico,14.3,-91.9167,76.95,87,94,5.86,GT,1658643032
Pacifica,37.6138,-122.4869,60.24,94,20,10.36,US,1658643032
Berlevåg,70.8578,29.0864,50.0,93,100,23.02,NO,1658643033
Poya,-21.35,165.15,73.2,83,75,6.42,NC,1658643033
Port-Cartier,50.0334,-66.8654,57.74,95,83,4.94,CA,1658643033
Palm Coast,29.585,-81.2078,80.08,91,90,5.75,US,1658643034
Zyryanka,65.75,150.85,75.94,25,0,6.11,RU,1658643034
Aykhal,66.0,111.5,76.5,48,58,24.96,RU,1658643034
Fengzhen,40.4394,113.1536,88.74,23,44,17.72,CN,1658643035
Cap Malheureux,-19.9842,57.6142,74.46,64,74,8.99,MU,1658643035
Syracuse,37.0881,15.2792,79.97,56,0,1.99,IT,1658642998
Poronaysk,49.2167,143.1167,60.03,97,100,2.08,RU,1658643035
Dudinka,69.4058,86.1778,75.24,49,95,10.92,RU,1658643036
Piraí do Sul,-24.5261,-49.9486,55.72,73,82,2.06,BR,1658643036
Havøysund,70.9963,24.6622,50.38,78,100,18.61,NO,1658643036
Houma,29.5958,-90.7195,78.01,93,0,1.99,US,1658643037
Nizwá,22.9333,57.5333,91.26,53,42,4.54,OM,1658643037
Kavaratti,10.5669,72.642,81.39,76,100,15.48,IN,1658643037
Jackson,42.4165,-122.8345,72.55,37,0,3.44,US,1658643038
Aksu,41.1231,80.2644,101.82,8,27,4.41,CN,1658643038
Fendou,46.65,124.8667,77.9,62,100,11.21,CN,1658643038
Marawi,7.9986,124.2928,77.31,86,97,2.8,PH,1658643039
Andenes,69.3143,16.1194,51.93,81,100,0.0,NO,1658643039
Mana,5.6592,-53.7767,76.39,89,100,7.23,GF,1658643039
La Ronge,55.1001,-105.2842,47.41,94,34,2.64,CA,1658643040
Polis,35.0367,32.4264,91.29,31,0,3.42,CY,1658643040
Lae,-6.7221,146.9847,82.94,73,28,8.5,PG,1658643040
Bayonet Point,28.3267,-82.6834,78.75,94,72,7.83,US,1658643040
Batken,39.8333,71.0,82.24,18,46,8.14,KG,1658643041
Kristiansund,63.1115,7.732,59.05,94,100,5.75,NO,1658643041
Bantou,26.2151,117.4893,102.7,29,0,3.27,CN,1658643041
Ōdachō-ōda,35.1833,132.5,81.7,69,71,2.04,JP,1658643042
Carutapera,-1.195,-46.02,74.7,94,85,4.99,BR,1658643042
Yumen,40.2833,97.2,93.34,11,3,9.4,CN,1658643042
Misratah,32.3754,15.0925,82.58,58,0,8.55,LY,1658643043
Kachug,53.9606,105.8817,66.43,72,100,3.49,RU,1658643043
Magnolia,33.2671,-93.2393,79.88,74,0,5.99,US,1658643043
High Level,58.5169,-117.136,60.91,94,75,2.3,CA,1658643044
Florø,61.5996,5.0328,58.23,67,100,12.66,NO,1658643044
Toledo,39.8333,-4.0,75.04,21,0,4.16,ES,1658643045
Atar,20.5169,-13.0499,82.98,61,100,5.46,MR,1658643045
Pimentel,-6.8367,-79.9342,62.13,90,11,10.89,PE,1658643045
Mindyak,54.0231,58.7891,74.77,49,29,2.71,RU,1658643046
Pangnirtung,66.1451,-65.7125,49.08,74,62,1.16,CA,1658643046
Acapulco de Juárez,16.8634,-99.8901,78.62,78,75,4.61,MX,1658643046
Polunochnoye,60.8697,60.4153,74.07,47,18,6.33,RU,1658643047
Cheremshanka,56.1192,60.268,73.87,44,10,5.75,RU,1658643047
Taywarah,33.35,64.4167,78.87,19,10,3.11,AF,1658643047
Santo Domingo,18.5001,-69.9886,76.68,92,34,7.34,DO,1658643039
Krasnyye Baki,57.131,45.1599,77.41,59,43,2.19,RU,1658643048
Álamos,27.0167,-108.9333,77.83,84,98,3.85,MX,1658643048
Mount Gambier,-37.8333,140.7667,61.29,69,67,8.46,AU,1658643048
Rawson,-43.3002,-65.1023,40.89,89,100,10.02,AR,1658643048
Botshabelo,-29.2702,26.7052,39.38,74,16,10.83,ZA,1658643049
Līvāni,56.3543,26.1758,60.51,97,100,4.36,LV,1658643049
Itoman,26.1247,127.6694,91.78,79,20,9.22,JP,1658643049
Christchurch,-43.5333,172.6333,46.33,93,75,4.61,NZ,1658643050
Kakogawa,34.7667,134.85,82.62,55,99,7.67,JP,1658643050
Salinas,36.6777,-121.6555,55.92,85,100,9.22,US,1658643050
Pitkyaranta,61.5734,31.4792,62.01,92,82,3.42,RU,1658643051
Fairbanks,64.8378,-147.7164,64.4,47,0,3.44,US,1658643051
Along,28.1667,94.7667,87.1,60,88,0.49,IN,1658643051
St. George's,12.0564,-61.7485,79.03,76,3,11.74,GD,1658642880
Belle Fourche,44.6714,-103.8522,71.33,52,1,4.32,US,1658643052
Araouane,18.9048,-3.5265,92.23,32,27,16.22,ML,1658643052
Aurangabad,19.8833,75.3333,76.48,78,100,15.03,IN,1658643053
Podor,16.6527,-14.9587,82.33,72,99,13.89,MR,1658643053
Dingle,10.9995,122.6711,85.82,72,90,0.98,PH,1658643053
Ekhabi,53.5102,142.9671,66.99,72,2,14.9,RU,1658643054
Corinth,37.9407,22.9573,83.89,28,0,4.68,GR,1658643054
Oldenburg,53.1667,8.2,63.61,67,72,7.85,DE,1658642996
Sungai Raya,0.7,108.9,83.88,73,74,6.76,ID,1658642837
Lüderitz,-26.6481,15.1594,57.6,56,0,12.06,NA,1658643055
Jacqueville,5.2052,-4.4146,76.51,73,82,8.14,CI,1658643055
Zhuhai,22.2769,113.5678,96.58,66,20,10.36,CN,1658643055
Okha,53.5739,142.9478,66.38,74,15,14.65,RU,1658643056
Mookane,-23.688,26.6595,59.16,55,28,3.2,BW,1658643056
Boende,-0.2167,20.8667,73.71,84,18,2.24,CD,1658643056
Nelson Bay,-32.7167,152.15,63.0,87,37,4.0,AU,1658643057
Bandarbeyla,9.4942,50.8122,84.11,54,67,30.15,SO,1658643057
Ancud,-41.8697,-73.8203,44.22,93,100,5.59,CL,1658643057
Ubinskoye,55.3068,79.6802,63.12,64,70,6.71,RU,1658643058
Kiryat Gat,31.61,34.7642,82.4,100,4,4.68,IL,1658643058
Gachsaran,30.3586,50.7981,98.69,28,1,0.0,IR,1658643059
Amahai,-3.3333,128.9167,78.76,75,78,6.53,ID,1658642887
Krasnyy Kholm,58.0607,37.1203,73.36,59,58,7.78,RU,1658643059
Goderich,43.7501,-81.7165,71.96,84,68,15.7,CA,1658643059
Campbellsville,37.3434,-85.3419,77.11,61,11,6.85,US,1658643060
Fethiye,36.6217,29.1164,91.27,25,0,6.64,TR,1658643060
Shimanovsk,52.0,127.7,83.16,46,20,3.51,RU,1658643060
Karlovo,42.6333,24.8,84.58,34,0,3.56,BG,1658643061
Oyama,36.3,139.8,94.59,50,74,7.61,JP,1658643061
Kumul,42.8,93.45,100.0,12,6,4.54,CN,1658643062
Kidal,18.4411,1.4078,74.28,69,97,23.62,ML,1658643062
Natal,-5.795,-35.2094,74.05,100,75,4.61,BR,1658643062
Eureka,40.8021,-124.1637,53.89,92,5,1.5,US,1658643063
Kundiawa,-6.0167,144.9667,72.36,80,42,2.21,PG,1658643063
Honiara,-9.4333,159.95,82.83,78,40,2.82,SB,1658643031
Zemio,5.0314,25.1361,70.79,96,72,1.57,CF,1658643064
Jining,35.405,116.5814,88.38,55,0,5.17,CN,1658643064
Russell,32.3502,-85.1999,76.6,94,0,0.0,US,1658643064
Kutum,14.2,24.6667,79.16,51,79,11.77,SD,1658643065
Bosobolo,4.1833,19.9,70.92,96,73,1.14,CD,1658643065
Anaconda,46.1285,-112.9423,59.58,35,0,1.57,US,1658643065
Warrnambool,-38.3833,142.4833,60.75,72,38,12.46,AU,1658642955
